<config_data>
  <readers>
    <class_path>C:\helioscan\plugins\SignalReader\SignalReaderDL091205FPGA\SignalReaderDL091205FPGA\SignalReaderDL091205FPGA.lvclass</class_path>
    <configuration>PXI7813_3ch</configuration>
    <label/>
    <settings_name/>
  </readers>
  <readers>
    <class_path>C:\helioscan\plugins\SignalReader\SignalReaderCN091129DAQmx\SignalReaderCN091129DAQmx\SignalReaderCN091129DAQmx.lvclass</class_path>
    <configuration>2ch</configuration>
    <label/>
    <settings_name/>
  </readers>
  <LSID>
    <identifier>SHNJRTTDYDTEYG</identifier>
    <revision>11</revision>
  </LSID>
  <read_block_size>16000</read_block_size>
  <software_buffer_size>16000</software_buffer_size>
</config_data>