<config_data>
  <subcomponents>
    <scanners>
      <class_path>components\SignalWriter\SignalWriterDL090202DAQmx\SignalWriterDL090202DAQmx\SignalWriterDL090202DAQmx.lvclass</class_path>
      <configuration>H37_Dominik__x_scanner</configuration>
      <label/>
      <settings_name/>
    </scanners>
    <scanners>
      <class_path>components\SignalWriter\SignalWriterDL090202DAQmx\SignalWriterDL090202DAQmx\SignalWriterDL090202DAQmx.lvclass</class_path>
      <configuration>H37_Dominik__y_scanner</configuration>
      <label/>
      <settings_name/>
    </scanners>
    <scanners>
      <class_path>components\SignalWriter\SignalWriterDL090202DAQmx\SignalWriterDL090202DAQmx\SignalWriterDL090202DAQmx.lvclass</class_path>
      <configuration>H37_Dominik__z_scanner</configuration>
      <label/>
      <settings_name/>
    </scanners>
    <intensity_modifier>
      <class_path>components\SignalWriter\SignalWriterDL090202DAQmx\SignalWriterDL090202DAQmx\SignalWriterDL090202DAQmx.lvclass</class_path>
      <configuration>H37_Dominik__intensity_modifier</configuration>
      <label/>
      <settings_name/>
    </intensity_modifier>
    <clock>
      <class_path>components\Clock\ClockDL090202FPGA\ClockDL090202FPGA\ClockDL090202FPGA.lvclass</class_path>
      <configuration>H37_Dominik__pixel_clock</configuration>
      <label/>
      <settings_name/>
    </clock>
    <shutter>
      <class_path/>
      <configuration/>
      <label/>
      <settings_name/>
    </shutter>
  </subcomponents>
  <scanner_factors>502.5</scanner_factors>
  <scanner_factors>434.78</scanner_factors>
  <scanner_factors>25000</scanner_factors>
  <modifier_factor>0.01</modifier_factor>
  <update_frequency>5</update_frequency>
  <LSID>
    <identifier/>
    <revision>0</revision>
  </LSID>
  <visibility>
    <Zoom>false</Zoom>
    <RotateX>false</RotateX>
    <RotateY>false</RotateY>
    <TranslateX>false</TranslateX>
    <TranslateY>false</TranslateY>
    <TranslateZ>false</TranslateZ>
  </visibility>
  <default_settings/>
</config_data>