<config_data>
  <physical_channel>PXI-6229-B/ai0</physical_channel>
  <physical_channel>PXI-6229-B/ai1</physical_channel>
  <maximum_input_value>10</maximum_input_value>
  <minimum_input_value>-10</minimum_input_value>
  <clock_source>/PXI-6229-B/PXI_Trig3</clock_source>
  <timeout>0.5</timeout>
  <maximum_sampling_rate>125000</maximum_sampling_rate>
  <buffer_size>5000</buffer_size>
  <translation_factors>1000</translation_factors>
  <translation_factors>1000</translation_factors>
</config_data>