<config_cluster>
  <LSID>
    <identifier>ENPQFUXJZBORIB</identifier>
    <revision>1</revision>
  </LSID>
  <manufacturer_specification>
    <manufacturer/>
    <model/>
    <serial_number/>
    <lot_number/>
  </manufacturer_specification>
  <lens_NA>0.95</lens_NA>
  <nominal_magnification>20</nominal_magnification>
  <calibrated_magnification>20</calibrated_magnification>
  <working_distance>0.0015</working_distance>
  <correction>PlanFluor</correction>
  <immersion>Water</immersion>
</config_cluster>