<config_cluster>
  <LSID>
    <identifier>HSZVDHOZIWQTCW</identifier>
    <revision>0</revision>
  </LSID>
  <manufacturer_specification>
    <manufacturer/>
    <model/>
    <serial_number/>
    <lot_number/>
  </manufacturer_specification>
  <lens_NA>0</lens_NA>
  <nominal_magnification>1</nominal_magnification>
  <calibrated_magnification>1</calibrated_magnification>
  <working_distance>0</working_distance>
  <correction>UV</correction>
  <immersion>Oil</immersion>
</config_cluster>