<config_data>
  <Instrument>
    <specification>
      <class_path/>
      <configuration/>
      <label/>
      <settings_name/>
    </specification>
    <adapter_path/>
  </Instrument>
  <Trajectory>
    <specification>
      <class_path/>
      <configuration/>
      <label/>
      <settings_name/>
    </specification>
    <adapter_path/>
  </Trajectory>
  <ScanHead>
    <specification>
      <class_path/>
      <configuration/>
      <label/>
      <settings_name/>
    </specification>
    <adapter_path/>
  </ScanHead>
  <DAQ>
    <specification>
      <class_path/>
      <configuration/>
      <label/>
      <settings_name/>
    </specification>
    <adapter_path/>
  </DAQ>
  <ImageAssembler>
    <specification>
      <class_path/>
      <configuration/>
      <label/>
      <settings_name/>
    </specification>
    <adapter_path/>
  </ImageAssembler>
  <DataCollection>
    <specification>
      <class_path/>
      <configuration/>
      <label/>
      <settings_name/>
    </specification>
    <adapter_path/>
  </DataCollection>
  <Display>
    <specification>
      <class_path>components\Display\DisplayDL090216\DisplayDL090216\DisplayDL090216.lvclass</class_path>
      <configuration>H37_Dominik__standard</configuration>
      <label/>
      <settings_name/>
    </specification>
    <adapter_path/>
  </Display>
  <Analyser>
    <specification>
      <class_path/>
      <configuration/>
      <label/>
      <settings_name/>
    </specification>
    <adapter_path/>
  </Analyser>
  <Stimulator>
    <specification>
      <class_path/>
      <configuration/>
      <label/>
      <settings_name/>
    </specification>
    <adapter_path/>
  </Stimulator>
  <TrajectorytoImageAssembler_adapter_path/>
  <LSID_cluster>
    <identifier>KSAGZVICKIRATX</identifier>
    <revision>66</revision>
  </LSID_cluster>
</config_data>