<config_data>
  <readers>
    <class_path>components\SignalReader\SignalReaderDL091205FPGA\SignalReaderDL091205FPGA\SignalReaderDL091205FPGA.lvclass</class_path>
    <configuration>H37_Dominik__ADC</configuration>
    <label/>
    <settings_name/>
  </readers>
  <readers>
    <class_path>components\SignalReader\SignalReaderCN091129DAQmx\SignalReaderCN091129DAQmx\SignalReaderCN091129DAQmx.lvclass</class_path>
    <configuration>position2D</configuration>
    <label/>
    <settings_name/>
  </readers>
  <LSID>
    <identifier>KRMCSTRHBFJFBQ</identifier>
    <revision>3</revision>
  </LSID>
  <read_block_size>16000</read_block_size>
  <software_buffer_size>16000</software_buffer_size>
</config_data>