<configuration_data>
  <output_writer>
    <class_path>C:\helioscan\plugins\signal_writer\SignalWriterDL090202DAQmx\SignalWriterDL090202DAQmx\SignalWriterDL090202DAQmx.lvclass</class_path>
    <configuration>stimulator</configuration>
    <label/>
  </output_writer>
  <timing_clock>
    <class_path>C:\helioscan\plugins\clock\ClockDL090202FPGA\ClockDL090202FPGA\ClockDL090202FPGA.lvclass</class_path>
    <configuration>stimulator</configuration>
    <label/>
  </timing_clock>
  <sampling_rate>20000</sampling_rate>
</configuration_data>