<configuration_data>
  <light_source>
    <class_path>C:\helioscan\plugins\light_source\GenericLightSource\GenericLightSource.lvclass</class_path>
    <configuration/>
    <label/>
    <settings_name/>
  </light_source>
  <microscope>
    <class_path>C:\helioscan\plugins\microscope\GenericMicroscope\GenericMicroscope\GenericMicroscope.lvclass</class_path>
    <configuration/>
    <label/>
    <settings_name/>
  </microscope>
  <LSID>
    <identifier>VJADHMALOZJBCM</identifier>
    <revision>1</revision>
  </LSID>
</configuration_data>