<configuration>
  <number_of_channels>3</number_of_channels>
  <experiment_controllers>
    <class_path>C:\helioscan\plugins\experiment_controller\ExperimentControllerDL090130Interval\ExperimentControllerDL090130Interval\ExperimentControllerDL090130Interval.lvclass</class_path>
    <configuration>standard</configuration>
    <label>interval</label>
    <settings_name/>
  </experiment_controllers>
  <default_experiment_controller>interval</default_experiment_controller>
  <scan_modes>
    <class_path>C:\helioscan\plugins\scan_mode\ScanModeDL090130Frame\ScanModeDL090130Frame\ScanModeDL090130Frame.lvclass</class_path>
    <configuration>tomasz_wut</configuration>
    <label>frame</label>
    <settings_name/>
  </scan_modes>
  <scan_modes>
    <class_path>C:\helioscan\plugins\scan_mode\ScanModeTS090821Circular2D\ScanModeTS090821Circular2D\ScanModeTS090821Circular2D.lvclass</class_path>
    <configuration>tomasz_wut</configuration>
    <label>2D circular</label>
    <settings_name/>
  </scan_modes>
  <default_scan_mode>frame</default_scan_mode>
  <stage>
    <class_path>C:\helioscan\main\labview_source\type_definitions\classes\GenericStage\GenericStage.lvclass</class_path>
    <configuration/>
    <label/>
    <settings_name/>
  </stage>
  <objectives>
    <class_path>C:\helioscan\main\labview_source\type_definitions\classes\GenericObjective\GenericObjective.lvclass</class_path>
    <configuration>tomasz_wut_40x</configuration>
    <label>40x objective</label>
    <settings_name/>
  </objectives>
  <objectives>
    <class_path>C:\helioscan\main\labview_source\type_definitions\classes\GenericObjective\GenericObjective.lvclass</class_path>
    <configuration>tomasz_wut_4x</configuration>
    <label>4x objective</label>
    <settings_name/>
  </objectives>
  <default_objective>40x objective</default_objective>
</configuration>