<configuration>
  <number_of_channels>3</number_of_channels>
  <experiment_controllers>
    <class_path>C:\helioscan\plugins\experiment_controller\ExperimentControllerDL090130Interval\ExperimentControllerDL090130Interval\ExperimentControllerDL090130Interval.lvclass</class_path>
    <configuration>standard</configuration>
    <label>interval</label>
    <settings_name/>
  </experiment_controllers>
  <default_experiment_controller>interval</default_experiment_controller>
  <scan_modes>
    <class_path>C:\helioscan\plugins\scan_mode\ScanModeDL090130Frame\ScanModeDL090130Frame\ScanModeDL090130Frame.lvclass</class_path>
    <configuration>standard</configuration>
    <label>frame</label>
    <settings_name>standard</settings_name>
  </scan_modes>
  <scan_modes>
    <class_path>C:\helioscan\plugins\scan_mode\ScanModeTS090821Circular2D\ScanModeTS090821Circular2D\ScanModeTS090821Circular2D.lvclass</class_path>
    <configuration>standard</configuration>
    <label>circular</label>
    <settings_name/>
  </scan_modes>
  <scan_modes>
    <class_path>C:\helioscan\plugins\scan_mode\ScanModeCN090721ThreeDScan\ScanModeCN090721ThreeDScan\ScanModeCN090721ThreeDScan.lvclass</class_path>
    <configuration>standard</configuration>
    <label>spiral_3D</label>
    <settings_name/>
  </scan_modes>
  <default_scan_mode>frame</default_scan_mode>
  <stage>
    <class_path>C:\helioscan\main\labview_source\type_definitions\classes\GenericStage\GenericStage.lvclass</class_path>
    <configuration/>
    <label/>
    <settings_name/>
  </stage>
  <objectives>
    <class_path>C:\helioscan\main\labview_source\type_definitions\classes\GenericObjective\GenericObjective.lvclass</class_path>
    <configuration>4x</configuration>
    <label>4x objective</label>
    <settings_name/>
  </objectives>
  <objectives>
    <class_path>C:\helioscan\main\labview_source\type_definitions\classes\GenericObjective\GenericObjective.lvclass</class_path>
    <configuration>10x</configuration>
    <label>10x objective</label>
    <settings_name/>
  </objectives>
  <objectives>
    <class_path>C:\helioscan\main\labview_source\type_definitions\classes\GenericObjective\GenericObjective.lvclass</class_path>
    <configuration>20x</configuration>
    <label>20x objective</label>
    <settings_name/>
  </objectives>
  <objectives>
    <class_path>C:\helioscan\main\labview_source\type_definitions\classes\GenericObjective\GenericObjective.lvclass</class_path>
    <configuration>40x</configuration>
    <label>40x objective</label>
    <settings_name/>
  </objectives>
  <default_objective>20x objective</default_objective>
</configuration>