<configuration_data>
  <adapter_paths>
    <image_assembler>C:\helioscan\plugins\adapter\AdapterMG090625ScanModeToImageAssembler\AdapterMG090625ScanModeToImageAssembler\AdapterMG090625ScanModeToImageAssembler.lvclass</image_assembler>
    <data_collection>C:\helioscan\plugins\adapter\AdapterMG090709ScanModeToDataCollection\AdapterMG090709ScanModeToDataCollection\AdapterMG090709ScanModeToDataCollection.lvclass</data_collection>
  </adapter_paths>
  <subcomponents>
    <instrument>
      <class_path>C:\helioscan\plugins\instrument\InstrumentDL090324\InstrumentDL090324\InstrumentDL090324.lvclass</class_path>
      <configuration/>
      <label/>
    </instrument>
    <image_assembler>
      <class_path>C:\helioscan\plugins\image assembler\ImageAssemblerMG090623Binning\ImageAssemblerMG090623Binning\ImageAssemblerMG090623Binning.lvclass</class_path>
      <configuration/>
      <label/>
    </image_assembler>
    <data_collection>
      <class_path>C:\helioscan\plugins\data_collection\DataCollectionDL090215\DataCollectionDL090215\DataCollectionDL090215.lvclass</class_path>
      <configuration>standard</configuration>
      <label/>
    </data_collection>
    <display>
      <class_path>C:\helioscan\plugins\display\DisplayDL090216\DisplayDL090216\DisplayDL090216.lvclass</class_path>
      <configuration>standard</configuration>
      <label/>
    </display>
    <DAQ>
      <class_path>C:\helioscan\plugins\DAQ\DAQ_MG090622Camera\DAQ_MG090622Camera\DAQ_MG090622Camera.lvclass</class_path>
      <configuration/>
      <label/>
    </DAQ>
  </subcomponents>
</configuration_data>