<config_data>
  <Instrument>
    <specification>
      <class_path/>
      <configuration/>
      <label/>
      <settings_name/>
    </specification>
    <adapter_path/>
  </Instrument>
  <Trajectory>
    <specification>
      <class_path/>
      <configuration/>
      <label/>
      <settings_name/>
    </specification>
    <adapter_path/>
  </Trajectory>
  <ScanHead>
    <specification>
      <class_path/>
      <configuration/>
      <label/>
      <settings_name/>
    </specification>
    <adapter_path/>
  </ScanHead>
  <DAQ>
    <specification>
      <class_path>components\DAQ\DAQ_MG090622Camera\DAQ_MG090622Camera\DAQ_MG090622Camera.lvclass</class_path>
      <configuration>intrinsic</configuration>
      <label/>
      <settings_name/>
    </specification>
    <adapter_path>components\Adapter\AdapterDL091215ImagingModeToDAQ\AdapterDL091215ImagingModeToDAQ\AdapterDL091215ImagingModeToDAQ.lvclass</adapter_path>
  </DAQ>
  <ImageAssembler>
    <specification>
      <class_path>components\ImageAssembler\ImageAssemblerMG090623Binning\ImageAssemblerMG090623Binning\ImageAssemblerMG090623Binning.lvclass</class_path>
      <configuration/>
      <label/>
      <settings_name/>
    </specification>
    <adapter_path>components\Adapter\AdapterDL091215ImagingModeToImageAssembler\AdapterDL091215ImagingModeToImageAssembler\AdapterDL091215ImagingModeToImageAssembler.lvclass</adapter_path>
  </ImageAssembler>
  <DataCollection>
    <specification>
      <class_path>components\DataCollection\DataCollectionMG091001IntrinsicImaging\DataCollectionMG091001IntrinsicImaging\DataCollectionMG091001IntrinsicImaging.lvclass</class_path>
      <configuration>standard</configuration>
      <label/>
      <settings_name/>
    </specification>
    <adapter_path>components\Adapter\AdapterMG091111ImagingModeToDataCollection\AdapterMG091111ImagingModeToDataCollection\AdapterMG091111ImagingModeToDataCollection.lvclass</adapter_path>
  </DataCollection>
  <Display>
    <specification>
      <class_path>components\Display\DisplayDL090216\DisplayDL090216\DisplayDL090216.lvclass</class_path>
      <configuration>intrinsic</configuration>
      <label/>
      <settings_name/>
    </specification>
    <adapter_path/>
  </Display>
  <Analyser>
    <specification>
      <class_path>components\Analyser\AnalyserDL090623TwoD\AnalyserDL090623TwoD\AnalyserDL090623TwoD.lvclass</class_path>
      <configuration>intrinsic</configuration>
      <label/>
      <settings_name/>
    </specification>
    <adapter_path/>
  </Analyser>
  <Stimulator>
    <specification>
      <class_path>components\Stimulator\StimulatorDL090503\StimulatorDL090503\StimulatorDL090503.lvclass</class_path>
      <configuration>intrinsic</configuration>
      <label/>
      <settings_name/>
    </specification>
    <adapter_path/>
  </Stimulator>
  <TrajectorytoImageAssembler_adapter_path/>
  <LSID_cluster>
    <identifier>GZDGJQZZBSXJOB</identifier>
    <revision>4</revision>
  </LSID_cluster>
</config_data>