<config_data>
  <segmenter>
    <class_path>C:\helioscan\plugins\segmenter\GenericSegmenter\GenericSegmenter\GenericSegmenter.lvclass</class_path>
    <configuration/>
    <label/>
  </segmenter>
  <expression>B</expression>
  <trace_processor_pipeline>
    <class_path>C:\helioscan\plugins\trace_processor\TraceProcessorDL090628DSS\TraceProcessorDL090628DSS\TraceProcessorDL090628DSS.lvclass</class_path>
    <configuration>standard</configuration>
    <label>traces</label>
  </trace_processor_pipeline>
  <trace_processor_pipeline>
    <class_path>C:\helioscan\plugins\trace_processor\TraceProcessorDL090629Noise\TraceProcessorDL090629Noise\TraceProcessorDL090629Noise.lvclass</class_path>
    <configuration/>
    <label>noise</label>
  </trace_processor_pipeline>
</config_data>