<configuration_data>
  <light_source>
    <class_path>C:\helioscan\plugins\light_source\LightSourceDL090903Laser\LightSourceDL090903Laser\LightSourceDL090903Laser.lvclass</class_path>
    <configuration>standard</configuration>
    <label/>
    <settings/>
  </light_source>
  <microscope>
    <class_path>C:\helioscan\plugins\microscope\MicroscopeDL090905\MicroscopeDL090905\MicroscopeDL090905.lvclass</class_path>
    <configuration>standard</configuration>
    <label/>
    <settings/>
  </microscope>
  <LSID>
    <identifier>135034851807</identifier>
    <revision>3</revision>
  </LSID>
</configuration_data>