<config_data>
  <detectors>
    <class_path>components\Detector\DetectorDL090603DAQmxOnOff\DetectorDL090603DAQmxOnOff\DetectorDL090603DAQmxOnOff.lvclass</class_path>
    <configuration>H37_Dominik__standard</configuration>
    <label/>
    <settings_name/>
  </detectors>
  <light_source>
    <class_path/>
    <configuration/>
    <label/>
    <settings_name/>
  </light_source>
  <microscope>
    <class_path/>
    <configuration/>
    <label/>
    <settings_name/>
  </microscope>
  <LSID>
    <identifier>KMTKWPYSXXAZLT</identifier>
    <revision>1</revision>
  </LSID>
</config_data>