<configuration_data>
  <detectors>
    <class_path>C:\helioscan\plugins\detector\DetectorYK090623DAQmxAnalog\DetectorYK090623DAQmxAnalog\DetectorYK090623DAQmxAnalog.lvclass</class_path>
    <configuration>PMT_1</configuration>
    <label/>
    <settings_name/>
  </detectors>
  <detectors>
    <class_path>C:\helioscan\plugins\detector\DetectorYK090623DAQmxAnalog\DetectorYK090623DAQmxAnalog\DetectorYK090623DAQmxAnalog.lvclass</class_path>
    <configuration>PMT_2</configuration>
    <label/>
    <settings_name/>
  </detectors>
  <light_source>
    <class_path>C:\helioscan\plugins\light_source\LightSourceDL090903Laser\LightSourceDL090903Laser\LightSourceDL090903Laser.lvclass</class_path>
    <configuration>standard</configuration>
    <label/>
    <settings_name/>
  </light_source>
  <microscope>
    <class_path>C:\helioscan\plugins\microscope\MicroscopeDL090905\MicroscopeDL090905\MicroscopeDL090905.lvclass</class_path>
    <configuration>standard</configuration>
    <label/>
    <settings_name/>
  </microscope>
  <LSID>
    <identifier>135034851807</identifier>
    <revision>4</revision>
  </LSID>
</configuration_data>