<configuration_data>
  <clock>
    <class_path>C:\helioscan\plugins\clock\ClockDL090202FPGA\ClockDL090202FPGA\ClockDL090202FPGA.lvclass</class_path>
    <configuration>pixel_clock</configuration>
    <label/>
    <settings_name/>
  </clock>
  <scanners>
    <class_path>C:\helioscan\plugins\signal_writer\SignalWriterDL090202DAQmx\SignalWriterDL090202DAQmx\SignalWriterDL090202DAQmx.lvclass</class_path>
    <configuration>x_scanner</configuration>
    <label/>
    <settings_name/>
  </scanners>
  <scanners>
    <class_path>C:\helioscan\plugins\signal_writer\SignalWriterDL090202DAQmx\SignalWriterDL090202DAQmx\SignalWriterDL090202DAQmx.lvclass</class_path>
    <configuration>y_scanner</configuration>
    <label/>
    <settings_name/>
  </scanners>
  <scanners>
    <class_path>C:\helioscan\plugins\signal_writer\SignalWriterDL090202DAQmx\SignalWriterDL090202DAQmx\SignalWriterDL090202DAQmx.lvclass</class_path>
    <configuration>z_scanner</configuration>
    <label/>
    <settings_name/>
  </scanners>
  <modifiers>
    <class_path>C:\helioscan\plugins\signal_writer\SignalWriterDL090202DAQmx\SignalWriterDL090202DAQmx\SignalWriterDL090202DAQmx.lvclass</class_path>
    <configuration>pockels_cell</configuration>
    <label/>
    <settings_name/>
  </modifiers>
  <scanner_factors>1000000</scanner_factors>
  <scanner_factors>1000000</scanner_factors>
  <scanner_factors>25000</scanner_factors>
  <modifier_factors>0.01</modifier_factors>
  <update_frequency>5</update_frequency>
  <shutter>
    <class_path>C:\helioscan\plugins\shutter\ShutterDL090210DAQmx\ShutterDL090210DAQmx\ShutterDL090210DAQmx.lvclass</class_path>
    <configuration>standard</configuration>
    <label/>
    <settings_name/>
  </shutter>
  <default_objective/>
  <LSID>
    <identifier>UNYRCVEKGDEJOR</identifier>
    <revision>6</revision>
  </LSID>
  <visibility>
    <Zoom>true</Zoom>
    <RotateX>true</RotateX>
    <RotateY>true</RotateY>
    <TranslateX>true</TranslateX>
    <TranslateY>true</TranslateY>
    <TranslateZ>true</TranslateZ>
  </visibility>
</configuration_data>