<configuration_data>
  <clock>
    <class_path>C:\helioscan\plugins\clock\GenericClock\GenericClock.lvclass</class_path>
    <configuration/>
    <label/>
    <settings_name/>
  </clock>
  <scanners>
    <class_path>C:\helioscan\plugins\signal_writer\GenericSignalWriter\GenericSignalWriter\GenericSignalWriter.lvclass</class_path>
    <configuration/>
    <label/>
    <settings_name/>
  </scanners>
  <scanners>
    <class_path>C:\helioscan\plugins\signal_writer\GenericSignalWriter\GenericSignalWriter\GenericSignalWriter.lvclass</class_path>
    <configuration/>
    <label/>
    <settings_name/>
  </scanners>
  <scanners>
    <class_path>C:\helioscan\plugins\signal_writer\GenericSignalWriter\GenericSignalWriter\GenericSignalWriter.lvclass</class_path>
    <configuration/>
    <label/>
    <settings_name/>
  </scanners>
  <modifiers>
    <class_path>C:\helioscan\plugins\signal_writer\GenericSignalWriter\GenericSignalWriter\GenericSignalWriter.lvclass</class_path>
    <configuration/>
    <label/>
    <settings_name/>
  </modifiers>
  <scanner_factors>1000000</scanner_factors>
  <scanner_factors>1000000</scanner_factors>
  <scanner_factors>1000000</scanner_factors>
  <modifier_factors>1</modifier_factors>
  <update_frequency>5</update_frequency>
  <shutter>
    <class_path>C:\helioscan\plugins\shutter\GenericShutter\GenericShutter\GenericShutter.lvclass</class_path>
    <configuration/>
    <label/>
    <settings_name/>
  </shutter>
  <default_objective/>
  <LSID>
    <identifier>IDWIPYOUPYXGIM</identifier>
    <revision>2</revision>
  </LSID>
  <visibility>
    <Zoom>false</Zoom>
    <RotateX>false</RotateX>
    <RotateY>false</RotateY>
    <TranslateX>false</TranslateX>
    <TranslateY>false</TranslateY>
    <TranslateZ>false</TranslateZ>
  </visibility>
</configuration_data>