<configuration_data>
  <Instrument>
    <specification>
      <class_path>C:\helioscan\plugins\instrument\InstrumentDL090324\InstrumentDL090324\InstrumentDL090324.lvclass</class_path>
      <configuration>standard</configuration>
      <label/>
      <settings_name/>
    </specification>
    <adapter_path/>
  </Instrument>
  <Trajectory>
    <specification>
      <class_path>C:\helioscan\plugins\trajectory\TrajectoryTS090820Circular2D\TrajectoryTS090820Circular2D\TrajectoryTS090820Circular2D.lvclass</class_path>
      <configuration/>
      <label/>
      <settings_name/>
    </specification>
    <adapter_path>C:\helioscan\plugins\adapter\AdapterTS090826ScanModeToTrajectory\AdapterTS090826ScanModeToTrajectory\AdapterTS090826ScanModeToTrajectory.lvclass</adapter_path>
  </Trajectory>
  <ScanHead>
    <specification>
      <class_path>C:\helioscan\plugins\scan_head\ScanHeadDL090202\ScanHeadDL090202\ScanHeadDL090202.lvclass</class_path>
      <configuration>standard</configuration>
      <label/>
      <settings_name/>
    </specification>
    <adapter_path/>
  </ScanHead>
  <DAQ>
    <specification>
      <class_path>C:\helioscan\plugins\DAQ\DAQ_DL091205Readers\DAQ_DL091205Readers\DAQ_DL091205Readers.lvclass</class_path>
      <configuration>PCI_7811R</configuration>
      <label/>
      <settings_name/>
    </specification>
    <adapter_path/>
  </DAQ>
  <ImageAssembler>
    <specification>
      <class_path>C:\helioscan\plugins\image assembler\ImageAssemblerDL090211Frame\ImageAssemblerDL090211Frame\ImageAssemblerDL090211Frame.lvclass</class_path>
      <configuration>circular</configuration>
      <label/>
      <settings_name/>
    </specification>
    <adapter_path>C:\helioscan\plugins\adapter\AdapterTS090827ScanModeToImageAssembler\AdapterTS090827ScanModeToImageAssembler\AdapterTS090827ScanModeToImageAssembler.lvclass</adapter_path>
  </ImageAssembler>
  <DataCollection>
    <specification>
      <class_path>C:\helioscan\plugins\data_collection\DataCollectionDL090215\DataCollectionDL090215\DataCollectionDL090215.lvclass</class_path>
      <configuration>standard</configuration>
      <label/>
      <settings_name/>
    </specification>
    <adapter_path>C:\helioscan\plugins\adapter\AdapterTS090827ScanModeToDataCollection\AdapterTS090827ScanModeToDataCollection\AdapterTS090827ScanModeToDataCollection.lvclass</adapter_path>
  </DataCollection>
  <Display>
    <specification>
      <class_path>C:\helioscan\plugins\display\DisplayDL090216\DisplayDL090216\DisplayDL090216.lvclass</class_path>
      <configuration>standard</configuration>
      <label/>
      <settings_name/>
    </specification>
    <adapter_path/>
  </Display>
  <Analyser>
    <specification>
      <class_path>C:\helioscan\main\labview_source\type_definitions\classes\GenericAnalyser\GenericAnalyser.lvclass</class_path>
      <configuration/>
      <label/>
      <settings_name/>
    </specification>
    <adapter_path/>
  </Analyser>
  <Stimulator>
    <specification>
      <class_path>C:\helioscan\main\labview_source\type_definitions\classes\GenericStimulator\GenericStimulator.lvclass</class_path>
      <configuration/>
      <label/>
      <settings_name/>
    </specification>
    <adapter_path/>
  </Stimulator>
  <TrajectorytoImageAssembler_adapter_path/>
  <available_settings>
    <name>standard</name>
    <label>standard</label>
  </available_settings>
  <default_settings>standard</default_settings>
  <LSID_cluster>
    <identifier>RFQJDUOLTTSQLQ</identifier>
    <revision>4</revision>
  </LSID_cluster>
</configuration_data>