<configuration_data>
  <Instrument>
    <specification>
      <class_path>C:\helioscan\plugins\instrument\InstrumentDL090324\InstrumentDL090324\InstrumentDL090324.lvclass</class_path>
      <configuration>standard</configuration>
      <label/>
      <settings_name/>
    </specification>
    <adapter_path/>
  </Instrument>
  <Trajectory>
    <specification>
      <class_path>C:\helioscan\plugins\trajectory\TrajectoryDL090201FrameScan\TrajectoryDL090201FrameScan\TrajectoryDL090201FrameScan.lvclass</class_path>
      <configuration>standard</configuration>
      <label/>
      <settings_name/>
    </specification>
    <adapter_path>C:\helioscan\plugins\adapter\AdapterDL090310ScanModeToTrajectory\AdapterDL090310ScanModeToTrajectory\AdapterDL090310ScanModeToTrajectory.lvclass</adapter_path>
  </Trajectory>
  <ScanHead>
    <specification>
      <class_path>C:\helioscan\plugins\scan_head\ScanHeadDL090202\ScanHeadDL090202\ScanHeadDL090202.lvclass</class_path>
      <configuration>standard</configuration>
      <label/>
      <settings_name/>
    </specification>
    <adapter_path/>
  </ScanHead>
  <DAQ>
    <specification>
      <class_path>C:\helioscan\plugins\DAQ\DAQ_DL091205Readers\DAQ_DL091205Readers\DAQ_DL091205Readers.lvclass</class_path>
      <configuration>PXI_7813R</configuration>
      <label/>
      <settings_name/>
    </specification>
    <adapter_path/>
  </DAQ>
  <ImageAssembler>
    <specification>
      <class_path>C:\helioscan\plugins\image assembler\ImageAssemblerDL090211Frame\ImageAssemblerDL090211Frame\ImageAssemblerDL090211Frame.lvclass</class_path>
      <configuration>standard</configuration>
      <label/>
      <settings_name/>
    </specification>
    <adapter_path>C:\helioscan\plugins\adapter\AdapterDL090309ScanModeToImageAssembler\AdapterDL090309ScanModeToImageAssembler\AdapterDL090309ScanModeToImageAssembler.lvclass</adapter_path>
  </ImageAssembler>
  <DataCollection>
    <specification>
      <class_path>C:\helioscan\plugins\data_collection\DataCollectionDL090215\DataCollectionDL090215\DataCollectionDL090215.lvclass</class_path>
      <configuration>standard</configuration>
      <label/>
      <settings_name/>
    </specification>
    <adapter_path>C:\helioscan\plugins\adapter\AdapterDL090325ScanModeToDataCollection\AdapterDL090325ScanModeToDataCollection\AdapterDL090325ScanModeToDataCollection.lvclass</adapter_path>
  </DataCollection>
  <Display>
    <specification>
      <class_path>C:\helioscan\plugins\display\DisplayDL090216\DisplayDL090216\DisplayDL090216.lvclass</class_path>
      <configuration>standard</configuration>
      <label/>
      <settings_name/>
    </specification>
    <adapter_path/>
  </Display>
  <Analyser>
    <specification>
      <class_path>C:\helioscan\plugins\analyser\AnalyserDL090623TwoD\AnalyserDL090623TwoD\AnalyserDL090623TwoD.lvclass</class_path>
      <configuration>standard</configuration>
      <label/>
      <settings_name/>
    </specification>
    <adapter_path/>
  </Analyser>
  <Stimulator>
    <specification>
      <class_path>C:\helioscan\main\labview_source\type_definitions\classes\GenericStimulator\GenericStimulator.lvclass</class_path>
      <configuration/>
      <label/>
      <settings_name/>
    </specification>
    <adapter_path/>
  </Stimulator>
  <TrajectorytoImageAssembler_adapter_path>C:\helioscan\plugins\adapter\AdapterDL090521TrajectoryToImageAssembler\AdapterDL090521TrajectoryToImageAssembler\AdapterDL090521TrajectoryToImageAssembler.lvclass</TrajectorytoImageAssembler_adapter_path>
  <available_settings>
    <name>256x256_2ms_3xAvg_3umZDist_50fr</name>
    <label>256x256</label>
  </available_settings>
  <available_settings>
    <name>512x512_2.5ms_3xAvg_3umZDist_50fr</name>
    <label>512x512</label>
  </available_settings>
  <available_settings>
    <name>100x100_1ms_movie5s</name>
    <label>100x100, 1ms, 5s movie</label>
  </available_settings>
  <default_settings>256x256_2ms_3xAvg_3umZDist_50fr</default_settings>
  <LSID_cluster>
    <identifier>UODEFGKOMUTBQY</identifier>
    <revision>5</revision>
  </LSID_cluster>
</configuration_data>