<config_data>
  <scanmode_sequence>
    <class_path>C:\helioscan\plugins\scan_mode\ScanModeDL090130Frame\ScanModeDL090130Frame\ScanModeDL090130Frame.lvclass</class_path>
    <configuration>standard</configuration>
    <label/>
    <settings>256x256_2ms_3xAvg_3umZDist</settings>
  </scanmode_sequence>
  <scanmode_sequence>
    <class_path>C:\helioscan\plugins\scan_mode\ScanModeDL090130Frame\ScanModeDL090130Frame\ScanModeDL090130Frame.lvclass</class_path>
    <configuration>standard</configuration>
    <label/>
    <settings>128x128_1ms_400frames_movie</settings>
  </scanmode_sequence>
</config_data>