<configuration>
  <experimentControllers>
    <class_path>components\ExperimentController\ExperimentControllerDL090130Interval\ExperimentControllerDL090130Interval\ExperimentControllerDL090130Interval.lvclass</class_path>
    <configuration>H37_Dominik__standard</configuration>
    <label>interval</label>
    <settings_name/>
  </experimentControllers>
  <experimentControllers>
    <class_path>components\ExperimentController\ExperimentControllerDL090803Triggered\ExperimentControllerDL090803Triggered\ExperimentControllerDL090803Triggered.lvclass</class_path>
    <configuration/>
    <label>triggered</label>
    <settings_name/>
  </experimentControllers>
  <default_experimentController>interval</default_experimentController>
  <imagingModes>
    <class_path>components\ImagingMode\ImagingModeDL090130Frame\ImagingModeDL090130Frame\ImagingModeDL090130Frame.lvclass</class_path>
    <configuration>H37_Dominik__standard</configuration>
    <label>frame scan</label>
    <settings_name/>
  </imagingModes>
  <default_imagingMode>frame scan</default_imagingMode>
  <stage>
    <class_path>components\Stage\GenericStage\GenericStage\GenericStage.lvclass</class_path>
    <configuration/>
    <label/>
    <settings_name/>
  </stage>
  <objectives>
    <class_path>components\Objective\GenericObjective\GenericObjective\GenericObjective.lvclass</class_path>
    <configuration>20x</configuration>
    <label>20x objective</label>
    <settings_name/>
  </objectives>
  <default_objective>20x objective</default_objective>
</configuration>